title,task_body
Добавить авторизацию,Необходимо реализовать систему авторизации пользователей с проверкой по email и паролю.
Оптимизировать базу данных,Произвести оптимизацию структуры базы данных для улучшения производительности.
Создать документацию,Составить техническую документацию для всех основных компонентов системы.
Добавить поддержку локализации,Реализовать возможность смены языка интерфейса для пользователей.
Реализовать уведомления,Настроить отправку уведомлений по email при важных действиях пользователя.
Провести тестирование,Выполнить функциональное и нагрузочное тестирование для нового релиза.
Обновить зависимости,Проверить и обновить все устаревшие зависимости в проекте.
Разработать API,Создать REST API для интеграции с внешними сервисами.
Создать отчеты по проекту,Реализовать модуль отчетности для отображения ключевых метрик.
Добавить фильтрацию и сортировку,Реализовать возможность фильтрации и сортировки данных на странице.

